Method,Precision@10,Recall@10,ms/query,ValidQueries
BERT + FAISS,0.1067863744388739,0.9573289574609882,8.422027805650979,3787
BERT + HNSW,0.1067863744388739,0.9573289574609882,5.702117586479924,3787
BM25,0.09099551095854388,0.8139814151168785,20.522392289411183,3787
Word2Vec + FAISS,0.010720887245841108,0.09456536773674348,1.9040412199629595,3787
Word2Vec + HNSW,0.010720887245841108,0.09456536773674348,0.30337002904662375,3787
